195.184.246.2/32,JSAN FIBER
195.184.246.3/32,iConnect Networks
195.184.246.4/32,Chemuel Internet Communication Services CICS
195.184.246.5/32,BELLTEK NETWORK AND DATA SOLUTION
195.184.246.6/32,HYPERBYTES NETWORK
195.184.246.7/32,Robcom Networks Inc.
195.184.246.8/32,COOLGEEKS
195.184.246.9/32,GSTECH
195.184.246.10/32,R.NET
195.184.246.11/32,IDEAL TECH
195.184.246.12/32,BNC-FIBER
195.184.246.13/32,TOP-TIER SYSTEM INC
195.184.246.14/32,G&T WIRED INTERNET SERVICES
195.184.246.15/32,ROBCOM SECURITY SYSTEMS AND TRADING
195.184.246.16/32,LACFIBER INTERNET INSTALLATION SERVICES
195.184.246.17/32,RM FIBER INTERNET
195.184.246.18/32,ENICS NETWORK
195.184.246.19/32,R&J NETWORK AND DATA SOLUTION
195.184.246.20/32,McNET INTERNET INSTALLATION SERVICES
195.184.246.21/32,R&J NETWORK AND DATA SOLUTION
195.184.246.22/32,A.M.Asuncion Internet Services
195.184.246.23/32,JOBACS INTERNET INSTALLATION SERVICES
195.184.246.24/32,INNCULINKS INTERNET COMMUNICATION SERVICES
195.184.246.25/32,Chemuel Internet Communication Services CICS
195.184.246.26/32,RAE NETWORK AND DATA SOLUTION
195.184.246.27/32,Marc Jayden Network and Data Solution
195.184.246.28/32,TALKBYTES COMMUNICATIONS. INC.
195.184.246.29/32,KEYCONNECT SYSTEM OPC
195.184.246.30/32,Dracarys Wireless Internet Services
195.184.246.31/32,EKISHA TELECOM INC.
195.184.246.32/32,CO.OP NETWORK AND DATA SOLUTION
195.184.246.33/32,EH WIRELESS INTERNET SERVICES
195.184.246.34/32,EH WIRELESS INTERNET SERVICES
195.184.246.35/32,KWINSLINK NETWORK AND DATA SOLUTION
195.184.246.36/32,5GXMART TECHNOLOGIES CORP
195.184.246.37/32,G_techlink network and data solution
195.184.246.38/32,Batoon Communication Services
195.184.246.39/32,MITZTIANPC Internet SERVICES
195.184.246.40/32,ZNET INFORMATION TECHNOLOGY SERVICES
195.184.246.41/32,EDS Network and Data Solution
195.184.246.42/32,EZ TECH TELECOMMUNICATION SERVICES
195.184.246.43/32,ONE-KONEK NETWORK AND DATA SOLUTIONS
195.184.246.44/32,COOLGEEKS
195.184.246.45/32,NETLIFE DATA AND NETWORK SOLUTION
195.184.246.46/32,R&J NETWORK AND DATA SOLUTION
195.184.246.47/32,ROBCOM SECURITY SYSTEMS AND TRADING
195.184.246.48/32,RAE NETWORK VICENCIO SAGUN ZDS
195.184.246.49/32,KEYCONNECT SYSTEM OPC
195.184.246.50/32,TOPTIER INC
195.184.246.51/32,NETLIFE DATA AND NETWORK SOLUTION
195.184.246.52/32,NETLIFE DATA AND NETWORK SOLUTION
195.184.246.53/32,GRM Fiber Telecommunication
195.184.246.54/32,Ashton and Nathalie Network and Data Solution
195.184.246.55 - 195.184.246.58,TALKBYTES COMMUNICATIONS. INC.
195.184.246.59/32,RDTECH IT SOLUTIONS
195.184.246.60/32,PHOENIX FIBR INTERNET INSTALLATION SERVICES
